-- phpMyAdmin SQL Dump
-- version 4.5.2
-- http://www.phpmyadmin.net
--
-- Host: 127.0.0.1
-- Generation Time: 2016-09-15 18:07:50
-- 服务器版本： 5.6.21
-- PHP Version: 5.6.3

SET SQL_MODE = "NO_AUTO_VALUE_ON_ZERO";
SET time_zone = "+00:00";


/*!40101 SET @OLD_CHARACTER_SET_CLIENT=@@CHARACTER_SET_CLIENT */;
/*!40101 SET @OLD_CHARACTER_SET_RESULTS=@@CHARACTER_SET_RESULTS */;
/*!40101 SET @OLD_COLLATION_CONNECTION=@@COLLATION_CONNECTION */;
/*!40101 SET NAMES utf8mb4 */;

--
-- Database: `video_together`
--

-- --------------------------------------------------------

--
-- 表的结构 `career_list`
--

CREATE TABLE `career_list` (
  `career_id` int(11) NOT NULL,
  `name` varchar(20) NOT NULL
) ENGINE=InnoDB DEFAULT CHARSET=utf8;

--
-- 转存表中的数据 `career_list`
--

INSERT INTO `career_list` (`career_id`, `name`) VALUES
(1, '律师'),
(2, '法官'),
(3, '书记员'),
(4, '保安'),
(5, '警察'),
(6, '会计师'),
(7, '审计师'),
(8, '职业经理人'),
(9, '股评家'),
(10, '清洁工'),
(11, '保姆'),
(12, '心理医生'),
(13, '心理咨询师'),
(14, '翻译'),
(15, '法医'),
(16, '医生'),
(17, '动物医生'),
(18, '建筑师'),
(19, '整容师'),
(20, '化妆师'),
(21, '作家'),
(22, '编辑'),
(23, '记者'),
(24, '摄影师'),
(25, '主持人'),
(26, '歌手'),
(27, '演员'),
(28, '导演'),
(29, '编剧'),
(30, '运动员'),
(31, '教练'),
(32, '教师'),
(33, '计算机软件开发商'),
(34, '广告人'),
(35, '教授'),
(36, '学生'),
(37, '搬运工'),
(38, '公关');

-- --------------------------------------------------------

--
-- 表的结构 `city_list`
--

CREATE TABLE `city_list` (
  `city_id` int(11) NOT NULL,
  `name` varchar(20) NOT NULL,
  `province` varchar(20) NOT NULL
) ENGINE=InnoDB DEFAULT CHARSET=utf8;

--
-- 转存表中的数据 `city_list`
--

INSERT INTO `city_list` (`city_id`, `name`, `province`) VALUES
(0, '其他', '其他'),
(1, '石家庄', '河北省'),
(2, '秦皇岛', '河北省'),
(3, '太原市', '陕西省'),
(4, '大同市', '陕西省'),
(5, '呼和浩特', '内蒙古'),
(6, '呼伦贝尔', '内蒙古'),
(7, '盘锦市', '辽宁省'),
(8, '抚顺市', '辽宁省'),
(9, '吉林市', '吉林省'),
(10, '通化市', '吉林省'),
(11, '牡丹江', '黑龙江省'),
(12, '大庆市', '黑龙江省'),
(13, '无锡市', '江苏省'),
(14, '常州市', '江苏省'),
(15, '扬州市', '江苏省'),
(16, '徐州市', '江苏省'),
(17, '苏州市', '江苏省'),
(18, '连云港', '江苏省'),
(19, '绍兴市', '浙江省'),
(20, '温州市', '浙江省'),
(21, '湖州市', '浙江省'),
(22, '嘉兴市', '浙江省'),
(23, '台州市', '浙江省'),
(24, '金华市', '浙江省'),
(25, '舟山市', '浙江省'),
(26, '杭州市', '浙江省'),
(27, '合肥市', '安徽省'),
(28, '芜湖市', '安徽省'),
(29, '马鞍山', '安徽省'),
(30, '池州市', '安徽省'),
(31, '淮南市', '安徽省'),
(32, '安庆市', '安徽省'),
(33, '福州市', '福建省'),
(34, '漳州市', '福建省'),
(35, '龙岩市', '福建省'),
(36, '三明市', '福建省'),
(37, '南昌市', '江西省'),
(38, '景德镇', '江西省'),
(39, '新余市', '江西省'),
(40, '上饶市', '江西省'),
(41, '潍坊市', '山东省'),
(42, '淄博市', '山东省'),
(43, '威海市', '山东省'),
(44, '郑州市', '河南省'),
(45, '洛阳市', '河南省'),
(46, '荆门市', '河北省'),
(47, '焦作市', '河北省'),
(48, '长沙市', '湖南省'),
(49, '岳阳市', '湖南省'),
(50, '佛山市', '广东省');

-- --------------------------------------------------------

--
-- 表的结构 `event`
--

CREATE TABLE `event` (
  `id` int(11) NOT NULL,
  `video_order` int(11) NOT NULL,
  `account` varchar(20) NOT NULL,
  `type` varchar(20) NOT NULL,
  `name` varchar(20) NOT NULL,
  `content` varchar(128) NOT NULL,
  `time` int(11) NOT NULL,
  `v_time` int(11) NOT NULL,
  `is_play` tinyint(1) NOT NULL
) ENGINE=InnoDB DEFAULT CHARSET=utf8;

--
-- 转存表中的数据 `event`
--

INSERT INTO `event` (`id`, `video_order`, `account`, `type`, `name`, `content`, `time`, `v_time`, `is_play`) VALUES
(1, 1, 'lin', 'chat', '0', 'test', 1463409650, 0, 0),
(2, 1, 'lin', 'chat', '0', '1', 1463409848, 0, 0),
(3, 1, 'lin', 'chat', '林正上', 'he', 1463410041, 0, 0),
(4, 1, 'lin', 'chat', '林正上', 'rr', 1463410148, 0, 0),
(5, 1, 'lin', 'chat', '林正上', 'ii', 1463410167, 0, 0),
(6, 1, 'lin', 'chat', '林正上', 'yy', 1463410193, 0, 0),
(7, 1, 'lin', 'chat', '林正上', '3', 1463410344, 0, 0),
(8, 1, 'lin', 'chat', '林正上', '2', 1463410357, 0, 0),
(9, 1, 'lin', 'chat', '林正上', '1', 1463410399, 0, 0),
(10, 1, 'lin', 'chat', '林正上', '444', 1463410406, 0, 0),
(11, 1, 'lin', 'chat', '林正上', '2', 1463412032, 0, 0),
(12, 1, 'lin', 'chat', '林正上', '11', 1463412483, 0, 0),
(13, 1, 'lin', 'chat', '林正上', 'rr', 1463412485, 0, 0),
(14, 3, 'lin', 'video_progress', '林正上', '', 1463412509, 0, 0),
(15, 3, 'lin', 'video_progress', '林正上', '', 1463412626, 0, 0),
(16, 1, 'lin', 'video_progress', '林正上', '', 1463412713, 1, 0),
(17, 1, 'lin', 'video_progress', '林正上', '', 1463412874, 0, 0),
(18, 1, 'lin', 'video_progress', '林正上', '', 1463412882, 2, 0),
(19, 1, 'lin', 'video_progress', '林正上', '', 1463413030, 0, 0),
(20, 1, 'lin', 'video_progress', '林正上', '', 1463413034, 2, 0),
(21, 1, 'lin', 'video_progress', '林正上', '', 1463413040, 1, 0),
(22, 1, 'lin', 'video_progress', '林正上', '', 1463413045, 2, 0),
(23, 1, 'lin', 'video_progress', '林正上', '', 1463413063, 2, 0),
(24, 1, 'lin', 'video_progress', '林正上', '', 1463413066, 2, 0),
(25, 1, 'lin', 'video_progress', '林正上', '', 1463413070, 1, 0),
(26, 1, 'lin', 'video_progress', '林正上', '', 1463413077, 1, 0),
(27, 1, 'lin', 'video_progress', '林正上', '', 1463413079, 1, 0),
(28, 1, 'lin', 'video_progress', '林正上', '', 1463413081, 1, 0),
(29, 1, 'lin', 'video_progress', '林正上', '', 1463413084, 1, 0),
(30, 1, 'lin', 'video_progress', '林正上', '', 1463413094, 2, 0),
(31, 1, 'lin', 'video_progress', '林正上', '', 1463413104, 2, 0),
(32, 1, 'lin', 'video_progress', '林正上', '', 1463413106, 2, 0),
(33, 1, 'lin', 'video_progress', '林正上', '', 1463413110, 1, 0),
(34, 1, 'lin', 'video_progress', '林正上', '', 1463413259, 0, 0),
(35, 1, 'lin', 'video_progress', '林正上', '', 1463413278, 0, 0),
(36, 1, 'lin', 'video_progress', '林正上', '', 1463413283, 1214, 0),
(37, 1, 'lin', 'video_progress', '林正上', '', 1463413288, 796, 0),
(38, 1, 'lin', 'video_progress', '林正上', '', 1463413293, 1127, 0),
(39, 1, 'lin', 'chat', '林正上', ' ', 1463413429, 0, 0),
(40, 1, 'lin', 'chat', '林正上', 'w', 1463413432, 0, 0),
(41, 1, 'lin', 'video_progress', '林正上', '', 1463413616, 0, 0),
(42, 1, 'lin', 'video_progress', '林正上', '', 1463413621, 1353, 0),
(43, 1, 'lin', 'video_progress', '林正上', '', 1463413629, 575, 0),
(44, 1, 'lin', 'video_progress', '林正上', '', 1463413711, 0, 0),
(45, 1, 'lin', 'video_progress', '林正上', '', 1463413880, 0, 0),
(46, 1, 'lin', 'video_progress', '林正上', '', 1463413918, 0, 0),
(47, 1, 'lin', 'video_progress', '林正上', '', 1463413962, 0, 0),
(48, 1, 'lin', 'video_progress', '林正上', '', 1463413967, 1056, 0),
(49, 1, 'lin', 'video_progress', '林正上', '', 1463414202, 1562, 0),
(50, 1, 'lin', 'video_progress', '林正上', '', 1463414210, 1767, 0),
(51, 1, 'lin', 'video_progress', '林正上', '', 1463414277, 1602, 1),
(52, 1, 'lin', 'video_progress', '林正上', '', 1463414283, 1606, 1),
(53, 1, 'lin', 'video_progress', '林正上', '', 1463414309, 1630, 1),
(54, 1, 'lin', 'video_progress', '林正上', '', 1463414361, 1680, 1),
(55, 1, 'lin', 'video_progress', '林正上', '', 1463414369, 1686, 1),
(56, 1, 'lin', 'come_in', '林正上', '', 1463414571, 0, 0),
(57, 1, 'lin', 'come_in', '未命名用户', '', 1463414615, 0, 0),
(58, 1, 'lin', 'come_in', '林正上', '', 1463414896, 0, 0),
(59, 1, 'lin', 'chat', '林正上', '1111111111111111111111111111111111111111', 1463414901, 0, 0),
(60, 1, 'lin', 'come_in', '林正上', '', 1463414921, 0, 0),
(61, 1, 'lin', 'chat', '林正上', '11111111111111111111111111111111111111111111', 1463414925, 0, 0),
(62, 1, 'lin', 'come_in', '林正上', '', 1463414945, 0, 0),
(63, 1, 'lin', 'chat', '林正上', '啊啊啊', 1463414951, 0, 0),
(64, 1, 'lin', 'chat', '林正上', '11111111111111111111111111111', 1463414955, 0, 0),
(65, 1, 'lin', 'chat', '林正上', '1111111111111111111111111111111111111111111111111111111111111111111111111111111', 1463414961, 0, 0),
(66, 1, 'lin', 'come_in', '林正上', '', 1463415034, 0, 0),
(67, 1, 'lin', 'chat', '林正上', '88888888888888888888888888888888888888888888888', 1463415038, 0, 0),
(68, 1, 'lin', 'chat', '林正上', '1', 1463415046, 0, 0),
(69, 1, 'lin', 'chat', '林正上', '', 1463415047, 0, 0),
(70, 1, 'lin', 'chat', '林正上', '', 1463415048, 0, 0),
(71, 1, 'lin', 'chat', '林正上', '1', 1463415049, 0, 0),
(72, 1, 'lin', 'chat', '林正上', '1', 1463415049, 0, 0),
(73, 1, 'lin', 'chat', '林正上', '1', 1463415050, 0, 0),
(74, 1, 'lin', 'chat', '林正上', '1', 1463415051, 0, 0),
(75, 1, 'lin', 'chat', '林正上', '1', 1463415052, 0, 0),
(76, 1, 'lin', 'chat', '林正上', '1', 1463415052, 0, 0),
(77, 1, 'lin', 'chat', '林正上', '2', 1463415053, 0, 0),
(78, 1, 'lin', 'chat', '林正上', '', 1463415054, 0, 0),
(79, 1, 'lin', 'chat', '林正上', '', 1463415054, 0, 0),
(80, 1, 'lin', 'chat', '林正上', '', 1463415055, 0, 0),
(81, 1, 'lin', 'chat', '林正上', '5', 1463415055, 0, 0),
(82, 1, 'lin', 'chat', '林正上', '6', 1463415057, 0, 0),
(83, 1, 'lin', 'chat', '林正上', '7', 1463415057, 0, 0),
(84, 1, 'lin', 'chat', '林正上', '78', 1463415057, 0, 0),
(85, 1, 'lin', 'chat', '林正上', '', 1463415058, 0, 0),
(86, 1, 'lin', 'chat', '林正上', '0', 1463415058, 0, 0),
(87, 1, 'lin', 'chat', '林正上', '', 1463415059, 0, 0),
(88, 1, 'lin', 'chat', '林正上', 'www', 1463415060, 0, 0),
(89, 1, 'lin', 'chat', '林正上', '', 1463415061, 0, 0),
(90, 1, 'lin', 'chat', '林正上', '', 1463415062, 0, 0),
(91, 1, 'lin', 'chat', '林正上', '2', 1463415062, 0, 0),
(92, 1, 'lin', 'chat', '林正上', '', 1463415063, 0, 0),
(93, 1, 'lin', 'chat', '林正上', '', 1463415063, 0, 0),
(94, 1, 'lin', 'chat', '林正上', '5', 1463415064, 0, 0),
(95, 1, 'lin', 'chat', '林正上', '', 1463415065, 0, 0),
(96, 1, 'lin', 'chat', '林正上', '7', 1463415065, 0, 0),
(97, 1, 'lin', 'chat', '林正上', 'dddd', 1463415067, 0, 0),
(98, 1, 'lin', 'chat', '林正上', 'fffff', 1463415070, 0, 0),
(99, 1, 'lin', 'chat', '林正上', 'gggg', 1463415071, 0, 0),
(100, 1, 'lin', 'chat', '林正上', 'hhh222222222', 1463415075, 0, 0),
(101, 1, 'lin', 'chat', '林正上', '4444444444444', 1463415077, 0, 0),
(102, 1, 'lin', 'chat', '林正上', '555555555', 1463415079, 0, 0),
(103, 1, 'lin', 'chat', '林正上', '66666666666', 1463415081, 0, 0),
(104, 1, 'lin', 'chat', '林正上', '66666666', 1463415083, 0, 0),
(105, 1, 'lin', 'chat', '林正上', '66666666', 1463415086, 0, 0),
(106, 1, 'lin', 'come_in', '林正上', '', 1463415176, 0, 0),
(107, 1, 'lin', 'chat', '林正上', '他吞吞吐吐吞吞吐吐吞吞吐吐吞吞吐吐', 1463415182, 0, 0),
(108, 1, 'lin', 'chat', '林正上', '吞吐吐吞吞吐吐吞吞吐吐吞吞吐吐', 1463415193, 0, 0),
(109, 1, 'lin', 'chat', '林正上', '吞吐吐吞吞吐吐吞吞吐吐吞吞吐吐', 1463415195, 0, 0),
(110, 1, 'lin', 'chat', '林正上', '吞吐吐吞吞吐吐吞吞吐吐吞吞吐吐', 1463415197, 0, 0),
(111, 1, 'lin', 'chat', '林正上', '吞吐吐吞吞吐吐吞吞吐吐吞吞吐吐', 1463415200, 0, 0),
(112, 1, 'lin', 'come_in', '林正上', '', 1463415237, 0, 0),
(113, 1, 'lin', 'chat', '林正上', '去', 1463415240, 0, 0),
(114, 1, 'lin', 'chat', '林正上', '去去去去去去去去去去去去去去去去去去去去去去去去去去去去去去去去去去去去去请', 1463415248, 0, 0),
(115, 1, 'xx', 'come_in', '上哥', '', 1473784422, 0, 0),
(116, 1, 'xx', 'leave_out', '上哥', '', 1473784438, 0, 0),
(117, 3, 'xx', 'come_in', '上哥', '', 1473784490, 0, 0),
(118, 3, 'xx', 'leave_out', '上哥', '', 1473784508, 0, 0),
(119, 3, 'xx', 'come_in', '上哥', '', 1473784526, 0, 0),
(120, 3, 'xx', 'leave_out', '上哥', '', 1473784539, 0, 0),
(121, 3, 'xx', 'come_in', '上哥', '', 1473784963, 0, 0),
(122, 3, 'xx', 'chat', '上哥', '1', 1473784972, 0, 0),
(123, 3, 'xx', 'chat', '上哥', '啊啊啊', 1473784977, 0, 0),
(124, 3, 'xx', 'come_in', '上哥', '', 1473785925, 0, 0),
(125, 3, 'xx', 'leave_out', '上哥', '', 1473785962, 0, 0),
(126, 3, 'xx', 'come_in', '上哥', '', 1473785963, 0, 0),
(127, 3, 'xx', 'chat', '上哥', '1', 1473785979, 0, 0),
(128, 3, 'xx', 'leave_out', '上哥', '', 1473785983, 0, 0),
(129, 3, 'xx', 'come_in', '上哥', '', 1473785984, 0, 0),
(130, 3, 'xx', 'chat', '上哥', '2', 1473785992, 0, 0),
(131, 3, 'xx', 'leave_out', '上哥', '', 1473786364, 0, 0),
(132, 3, 'xx', 'come_in', '上哥', '', 1473786365, 0, 0),
(133, 3, 'xx', 'leave_out', '上哥', '', 1473786416, 0, 0),
(134, 3, 'xx', 'come_in', '上哥', '', 1473786417, 0, 0),
(135, 3, 'xx', 'leave_out', '上哥', '', 1473786454, 0, 0),
(136, 3, 'xx', 'come_in', '上哥', '', 1473786461, 0, 0),
(137, 3, 'xx', 'come_in', '上哥', '', 1473826064, 0, 0),
(138, 3, 'xx', 'leave_out', '上哥', '', 1473826246, 0, 0),
(139, 3, 'xx', 'come_in', '上哥', '', 1473826249, 0, 0),
(140, 3, 'xx', 'leave_out', '上哥', '', 1473826278, 0, 0),
(141, 3, 'xx', 'come_in', '上哥', '', 1473826281, 0, 0),
(142, 3, 'xx', 'come_in', '上哥', '', 1473826327, 0, 0),
(143, 3, 'xx', 'leave_out', '上哥', '', 1473826336, 0, 0),
(144, 3, 'xx', 'come_in', '上哥', '', 1473826527, 0, 0),
(145, 3, 'xx', 'leave_out', '上哥', '', 1473826574, 0, 0),
(146, 3, 'xx', 'come_in', '上哥', '', 1473826576, 0, 0),
(147, 3, 'xx', 'leave_out', '上哥', '', 1473826894, 0, 0),
(148, 4, 'xx', 'come_in', '上哥', '', 1473828524, 0, 0),
(149, 4, 'xx', 'leave_out', '上哥', '', 1473828526, 0, 0);

-- --------------------------------------------------------

--
-- 表的结构 `friend`
--

CREATE TABLE `friend` (
  `account1` varchar(20) NOT NULL,
  `account2` varchar(20) NOT NULL,
  `time` int(11) NOT NULL
) ENGINE=InnoDB DEFAULT CHARSET=utf8;

--
-- 转存表中的数据 `friend`
--

INSERT INTO `friend` (`account1`, `account2`, `time`) VALUES
('lin', '961635991', 1462950172);

-- --------------------------------------------------------

--
-- 表的结构 `history`
--

CREATE TABLE `history` (
  `account` varchar(20) NOT NULL,
  `video_order` int(11) NOT NULL,
  `last_time` int(11) NOT NULL,
  `watch_time` int(11) NOT NULL,
  `score` int(11) NOT NULL
) ENGINE=InnoDB DEFAULT CHARSET=utf8;

--
-- 转存表中的数据 `history`
--

INSERT INTO `history` (`account`, `video_order`, `last_time`, `watch_time`, `score`) VALUES
('lin', 3, 1462950172, 0, 3),
('lin', 3, 1462950305, 0, 5),
('lin', 3, 1462950410, 0, 3),
('lin', 3, 1462950436, 0, 4),
('lin', 3, 1462950755, 0, 1),
('lin', 3, 1462950818, 0, 3),
('lin', 3, 1462951159, 13, 3),
('lin', 3, 1462967962, 386, 3),
('lin', 3, 1462968068, 104, 3),
('lin', 3, 1462968133, 63, 3),
('lin', 3, 1462968167, 32, 3),
('lin', 3, 1462968925, 22, 3),
('lin', 3, 1462969100, 172, 3),
('lin', 3, 1462969473, 369, 3),
('lin', 3, 1462969624, 147, 3),
('lin', 3, 1462969675, 48, 3),
('lin', 3, 1462969741, 61, 3),
('lin', 3, 1462969799, 53, 3),
('lin', 3, 1462969823, 20, 3),
('lin', 3, 1462969856, 30, 3),
('lin', 3, 1462970043, 182, 3),
('lin', 3, 1462970225, 177, 3),
('lin', 3, 1462970435, 65, 3),
('lin', 3, 1462970523, 80, 3),
('lin', 3, 1462970599, 69, 3),
('lin', 3, 1462970648, 43, 3),
('lin', 3, 1462970679, 24, 3),
('lin', 3, 1462970697, 11, 3),
('lin', 3, 1462970788, 76, 3),
('lin', 3, 1462970920, 124, 3),
('lin', 3, 1462972713, 1784, 3),
('lin', 3, 1462976707, 284, 2),
('lin', 3, 1462976783, 74, 3),
('lin', 3, 1462976989, 136, 3),
('lin', 3, 1462977058, 67, 3),
('lin', 3, 1462979294, 2234, 3),
('lin', 3, 1462979668, 372, 3),
('lin', 3, 1462979721, 51, 3),
('lin', 3, 1462979790, 66, 3),
('lin', 3, 1463026367, 70, 3),
('lin', 3, 1463026687, 315, 3),
('lin', 3, 1463026751, 60, 3),
('lin', 3, 1463027132, 380, 4),
('lin', 3, 1463027644, 510, 3),
('lin', 3, 1463027890, 245, 3),
('lin', 3, 1463027908, 15, 3),
('lin', 3, 1463028036, 128, 3),
('lin', 3, 1463028307, 269, 3),
('lin', 3, 1463028326, 16, 3),
('lin', 3, 1463028486, 159, 3),
('lin', 3, 1463028503, 15, 3),
('lin', 3, 1463028536, 31, 3),
('lin', 3, 1463028576, 35, 3),
('lin', 3, 1463028677, 98, 3),
('lin', 3, 1463028798, 117, 3),
('lin', 3, 1463029108, 307, 3),
('lin', 3, 1463029373, 262, 3),
('lin', 3, 1463029629, 253, 3),
('lin', 3, 1463029652, 19, 3),
('lin', 3, 1463029859, 203, 3),
('lin', 3, 1463029895, 32, 3),
('lin', 3, 1463029917, 17, 3),
('lin', 3, 1463029985, 64, 3),
('lin', 3, 1463030058, 67, 3),
('lin', 3, 1463030115, 53, 3),
('lin', 3, 1463030172, 51, 3),
('lin', 3, 1463030223, 44, 3),
('lin', 3, 1463030277, 48, 3),
('lin', 3, 1463030304, 22, 3),
('lin', 3, 1463030480, 171, 3),
('lin', 3, 1463030498, 13, 3),
('lin', 3, 1463030554, 49, 3),
('lin', 3, 1463030596, 39, 3),
('lin', 3, 1463030676, 73, 3),
('lin', 3, 1463030723, 39, 3),
('lin', 3, 1463030749, 18, 3),
('lin', 3, 1463030778, 22, 3),
('lin', 3, 1463030835, 47, 3),
('lin', 3, 1463030887, 44, 3),
('lin', 3, 1463030925, 32, 3),
('lin', 3, 1463031775, 82, 3),
('lin', 3, 1463031828, 51, 3),
('lin', 3, 1463032942, 7, 3),
('lin', 3, 1463032965, 20, 3),
('lin', 3, 1463033148, 179, 3),
('lin', 3, 1463033264, 112, 3),
('lin', 3, 1463033310, 42, 3),
('lin', 3, 1463033325, 11, 3),
('lin', 3, 1463033529, 201, 3),
('lin', 3, 1463033605, 72, 3),
('lin', 3, 1463033645, 34, 3),
('lin', 3, 1463033668, 20, 3),
('lin', 3, 1463033739, 68, 3),
('lin', 3, 1463033807, 62, 3),
('lin', 3, 1463034053, 239, 3),
('lin', 3, 1463034116, 53, 3),
('lin', 3, 1463034162, 39, 3),
('lin', 3, 1463034193, 24, 3),
('lin', 3, 1463034235, 34, 3),
('lin', 3, 1463034320, 78, 3),
('lin', 3, 1463034383, 56, 3),
('lin', 3, 1463034552, 162, 3),
('lin', 3, 1463034627, 64, 3),
('lin', 3, 1463034669, 34, 3),
('lin', 3, 1463034723, 44, 3),
('lin', 3, 1463034789, 55, 3),
('lin', 3, 1463034868, 71, 3),
('lin', 3, 1463034952, 70, 3),
('lin', 3, 1463036613, 36, 3),
('lin', 3, 1463053545, 3, 3),
('lin', 3, 1463053748, 2, 3),
('lin', 3, 1463053967, 45, 3),
('lin', 3, 1463053975, 4, 3),
('lin', 3, 1463054137, 62, 3),
('lin', 3, 1463054159, 9, 3),
('lin', 3, 1463054227, 58, 3),
('lin', 3, 1463054245, 16, 3),
('lin', 3, 1463055560, 1207, 3),
('lin', 3, 1463055668, 104, 3),
('lin', 3, 1463055722, 51, 3),
('lin', 3, 1463055910, 167, 3),
('lin', 3, 1463055952, 38, 3),
('lin', 3, 1463055999, 42, 3),
('lin', 3, 1463056070, 60, 3),
('lin', 3, 1463056229, 151, 3),
('lin', 3, 1463056322, 75, 3),
('lin', 3, 1463056386, 57, 3),
('lin', 3, 1463056613, 217, 3),
('lin', 3, 1463057301, 685, 3),
('lin', 3, 1463057966, 662, 3),
('lin', 3, 1463057982, 14, 3),
('lin', 3, 1463057990, 7, 3),
('lin', 3, 1463057999, 8, 3),
('lin', 3, 1463058226, 223, 3),
('lin', 3, 1463058407, 20, 3),
('lin', 3, 1463058918, 285, 3),
('lin', 3, 1463059285, 195, 3),
('lin', 3, 1463059323, 34, 3),
('lin', 3, 1463059532, 207, 3),
('lin', 3, 1463059630, 96, 3),
('lin', 3, 1463059796, 165, 3),
('lin', 3, 1463059843, 46, 3),
('lin', 3, 1463059881, 37, 3),
('lin', 3, 1463059962, 79, 3),
('lin', 3, 1463060061, 65, 3),
('lin', 3, 1463060064, 2, 3),
('lin', 3, 1463060073, 3, 3),
('lin', 3, 1463061856, 70, 3),
('lin', 3, 1463061902, 44, 3),
('lin', 3, 1463061949, 46, 3),
('lin', 3, 1463061971, 20, 3),
('lin', 3, 1463061993, 20, 3),
('lin', 3, 1463062084, 90, 3),
('lin', 3, 1463062200, 114, 3),
('lin', 3, 1463062277, 9, 3),
('lin', 3, 1463063861, 15, 3),
('lin', 3, 1463065350, 117, 3),
('lin', 3, 1463065417, 65, 3),
('lin', 3, 1463065437, 18, 3),
('lin', 3, 1463065448, 10, 3),
('lin', 3, 1463065534, 85, 3),
('hello', 3, 1463103990, 4, 3),
('lin', 3, 1463104084, 270, 3),
('lin', 3, 1463105394, 1308, 3),
('lin', 3, 1463105499, 104, 3),
('lin', 3, 1463105547, 47, 3),
('lin', 3, 1463105560, 11, 3),
('lin', 3, 1463105970, 409, 3),
('lin', 3, 1463106230, 259, 3),
('lin', 3, 1463106279, 47, 3),
('lin', 3, 1463106327, 47, 3),
('lin', 3, 1463106349, 20, 3),
('lin', 3, 1463106365, 15, 3),
('lin', 3, 1463106436, 69, 3),
('lin', 3, 1463106511, 74, 3),
('lin', 3, 1463106572, 60, 3),
('lin', 3, 1463106613, 39, 3),
('lin', 3, 1463106638, 24, 3),
('lin', 3, 1463106652, 12, 3),
('lin', 3, 1463106765, 111, 3),
('lin', 3, 1463106860, 82, 3),
('lin', 3, 1463107024, 163, 3),
('lin', 3, 1463107071, 46, 3),
('lin', 3, 1463107133, 61, 3),
('lin', 3, 1463107205, 70, 3),
('lin', 3, 1463107225, 18, 3),
('lin', 3, 1463107241, 15, 3),
('lin', 3, 1463107272, 30, 3),
('lin', 3, 1463107364, 90, 3),
('lin', 3, 1463109771, 2406, 3),
('lin', 3, 1463110173, 400, 3),
('lin', 3, 1463110339, 165, 3),
('lin', 3, 1463110742, 401, 3),
('lin', 3, 1463111013, 269, 3),
('lin', 3, 1463111430, 415, 3),
('lin', 3, 1463114417, 2985, 3),
('lin', 3, 1463114520, 101, 3),
('lin', 3, 1463114909, 387, 3),
('lin', 3, 1463117651, 2741, 3),
('lin', 3, 1463117680, 27, 3),
('lin', 3, 1463117744, 63, 3),
('lin', 1, 1463128731, 789, 3),
('lin', 1, 1463128877, 144, 3),
('lin', 1, 1463128950, 71, 3),
('lin', 1, 1463129059, 98, 3),
('lin', 1, 1463129151, 90, 3),
('lin', 1, 1463129172, 19, 3),
('lin', 1, 1463129179, 5, 3),
('lin', 1, 1463129210, 29, 3),
('lin', 1, 1463129234, 22, 3),
('lin', 1, 1463129320, 84, 3),
('lin', 1, 1463129494, 173, 3),
('lin', 1, 1463129709, 4, 3),
('lin', 1, 1463129737, 26, 3),
('lin', 3, 1463129746, 3, 3),
('lin', 4, 1463129781, 26, 3),
('lin', 3, 1463129923, 6, 3),
('lin', 4, 1463131287, 1364, 3),
('lin', 4, 1463131313, 24, 3),
('lin', 4, 1463131484, 169, 3),
('lin', 4, 1463131585, 74, 3),
('lin', 4, 1463131733, 147, 3),
('lin', 4, 1463131886, 152, 3),
('lin', 4, 1463131944, 56, 3),
('lin', 4, 1463132133, 188, 3),
('lin', 4, 1463132155, 21, 3),
('lin', 4, 1463132173, 17, 3),
('lin', 4, 1463132234, 60, 3),
('lin', 4, 1463132249, 13, 3),
('lin', 4, 1463132282, 31, 3),
('lin', 4, 1463132299, 16, 3),
('lin', 4, 1463132413, 113, 3),
('lin', 5, 1463132450, 4, 3),
('lin', 3, 1463132477, 2, 3),
('lin', 3, 1463136678, 12, 3),
('lin', 1, 1463154114, 90, 3),
('lin', 5, 1463154134, 19, 3),
('lin', 3, 1463154437, 270, 3),
('lin', 1, 1463155016, 90, 3),
('hello', 1, 1463155099, 26, 3),
('lin', 1, 1463155613, 591, 3),
('lin', 3, 1463156486, 64, 3),
('lin', 3, 1463156907, 411, 3),
('lin', 3, 1463157059, 151, 3),
('lin', 3, 1463157137, 76, 3),
('lin', 3, 1463157212, 74, 3),
('lin', 3, 1463157222, 8, 3),
('lin', 3, 1463197254, 2, 3),
('lin', 1, 1463197550, 9, 3),
('lin', 3, 1463197601, 2, 3),
('961635991', 1, 1463236530, 4, 3),
('lin', 5, 1463300155, 9, 3),
('lin', 2, 1463300164, 6, 3),
('leimu', 1, 1463321068, 424, 3),
('leimu', 1, 1463321086, 15, 3),
('leimu', 1, 1463321121, 13, 3),
('lin', 2, 1463321448, 531, 3),
('leimu', 1, 1463323033, 1043, 3),
('leimu', 1, 1463323086, 41, 3),
('leimu', 1, 1463323200, 53, 3),
('lin', 1, 1463323683, 552, 3),
('leimu', 1, 1463323726, 522, 3),
('leimu', 1, 1463323817, 87, 3),
('lin', 1, 1463323832, 140, 3),
('zj386596804', 1, 1463324295, 410, 3),
('lin', 3, 1463328250, 36, 3),
('leimu', 1, 1463328312, 233, 3),
('lin', 1, 1463328441, 8, 3),
('leimu', 1, 1463329636, 370, 5),
('zj386596804', 1, 1463370380, 22, 3),
('lin', 1, 1463409501, 2957, 3),
('lin', 1, 1463409554, 29, 3),
('lin', 1, 1463409639, 84, 3),
('lin', 1, 1463409840, 198, 3),
('lin', 1, 1463410026, 183, 3),
('lin', 1, 1463410141, 112, 3),
('lin', 1, 1463410337, 192, 3),
('lin', 1, 1463410392, 52, 3),
('lin', 1, 1463412027, 1631, 3),
('lin', 1, 1463412446, 417, 3),
('lin', 1, 1463412494, 15, 3),
('lin', 3, 1463412701, 197, 3),
('lin', 1, 1463412870, 161, 3),
('lin', 1, 1463413024, 152, 3),
('lin', 1, 1463413254, 226, 3),
('lin', 1, 1463413273, 17, 3),
('lin', 1, 1463413611, 335, 3),
('lin', 1, 1463413706, 92, 3),
('lin', 1, 1463413876, 167, 3),
('lin', 1, 1463413913, 34, 3),
('lin', 1, 1463413958, 42, 3),
('lin', 1, 1463414194, 234, 3),
('lin', 1, 1463414269, 72, 3),
('lin', 1, 1463414568, 295, 3),
('lin', 3, 1463414633, 7, 3),
('lin', 1, 1463414892, 321, 3),
('lin', 1, 1463414918, 22, 3),
('lin', 1, 1463414942, 22, 3),
('lin', 1, 1463415031, 85, 3),
('lin', 1, 1463415174, 140, 3),
('lin', 1, 1463415234, 58, 3),
('lin', 1, 1463415278, 41, 3);

-- --------------------------------------------------------

--
-- 表的结构 `location_list`
--

CREATE TABLE `location_list` (
  `location_id` int(11) NOT NULL,
  `name` varchar(20) NOT NULL
) ENGINE=InnoDB DEFAULT CHARSET=utf8;

--
-- 转存表中的数据 `location_list`
--

INSERT INTO `location_list` (`location_id`, `name`) VALUES
(1, '内地'),
(2, '美国'),
(3, '英国'),
(4, '日本'),
(5, '越南'),
(6, '泰国'),
(7, '英国'),
(8, '德国'),
(9, '新加坡'),
(10, '澳大利亚'),
(11, '韩国'),
(12, '法国'),
(13, '港台');

-- --------------------------------------------------------

--
-- 表的结构 `notice`
--

CREATE TABLE `notice` (
  `type` varchar(32) NOT NULL,
  `from_account` varchar(20) NOT NULL,
  `to_account` varchar(20) NOT NULL,
  `title` varchar(20) NOT NULL,
  `content` varchar(100) NOT NULL,
  `time` int(11) NOT NULL,
  `is_read` tinyint(1) NOT NULL DEFAULT '0'
) ENGINE=InnoDB DEFAULT CHARSET=utf8;

-- --------------------------------------------------------

--
-- 表的结构 `recommend`
--

CREATE TABLE `recommend` (
  `account1` varchar(20) NOT NULL,
  `account2` varchar(20) NOT NULL,
  `score` double NOT NULL,
  `level` int(11) NOT NULL
) ENGINE=InnoDB DEFAULT CHARSET=utf8;

--
-- 转存表中的数据 `recommend`
--

INSERT INTO `recommend` (`account1`, `account2`, `score`, `level`) VALUES
('lin', 'hello', 233.11, 5);

-- --------------------------------------------------------

--
-- 表的结构 `user`
--

CREATE TABLE `user` (
  `account` varchar(20) NOT NULL,
  `pwd` varchar(64) NOT NULL,
  `nick_name` varchar(20) NOT NULL DEFAULT '未命名用户',
  `i_img` varchar(50) NOT NULL DEFAULT 'i_default.jpg',
  `sex` tinyint(1) NOT NULL,
  `age` smallint(6) NOT NULL DEFAULT '0',
  `city` int(11) NOT NULL DEFAULT '0',
  `career` int(11) NOT NULL DEFAULT '0'
) ENGINE=InnoDB DEFAULT CHARSET=utf8;

--
-- 转存表中的数据 `user`
--

INSERT INTO `user` (`account`, `pwd`, `nick_name`, `i_img`, `sex`, `age`, `city`, `career`) VALUES
('961635991', '1b3d8ff1cf5c6cc67155ec3479a75afb', '叫我上哥就好', 'i_default.jpg', 0, 0, 0, 0),
('hello', '670b14728ad9902aecba32e22fa4f6bd', '未命名用户', 'i_default.jpg', 1, 0, 0, 0),
('kucin', 'd57f21e6a273781dbf8b7657940f3b03', '', 'i_default.jpg', 1, 0, 0, 0),
('kucinl', '9fb4921c8a2c6c4f292431fd73fcb5c3', '未命名用户', 'i_default.jpg', 1, 0, 0, 0),
('leimu', '670b14728ad9902aecba32e22fa4f6bd', '蕾姆酱', 'i_default.jpg', 0, 0, 0, 0),
('lin', '670b14728ad9902aecba32e22fa4f6bd', '林正上', 'i_default.jpg', 1, 0, 5, 0),
('xx', '670b14728ad9902aecba32e22fa4f6bd', '上哥', 'i_default.jpg', 0, 0, 0, 0),
('zj386596804', 'e10adc3949ba59abbe56e057f20f883e', '克洛斯', 'i_default.jpg', 0, 0, 0, 0),
('我是酷酷上', '67ed91a05d298cbdd89720842ebd1450', '我是酷酷上', 'i_default.jpg', 0, 0, 0, 0),
('新人一个', '1b3d8ff1cf5c6cc67155ec3479a75afb', '3130102308', 'i_default.jpg', 0, 0, 0, 0);

-- --------------------------------------------------------

--
-- 表的结构 `video`
--

CREATE TABLE `video` (
  `video_order` int(11) NOT NULL,
  `name` varchar(32) NOT NULL,
  `address` varchar(256) NOT NULL,
  `location` int(11) NOT NULL,
  `year` int(11) NOT NULL,
  `video_type` int(11) NOT NULL
) ENGINE=InnoDB DEFAULT CHARSET=utf8;

--
-- 转存表中的数据 `video`
--

INSERT INTO `video` (`video_order`, `name`, `address`, `location`, `year`, `video_type`) VALUES
(1, '从零开始的异世界生活01', 'http://cn-zjjh14-dx.acgvideo.com/vg5/5/1a/6888197hd.mp4?expires=1463427000&ssig=SYOW_b9GQyc2RgxYoyXrkQ&oi=2015071171&internal=1&or=1034170279&rate=0', 0, 0, 0),
(2, '从零开始的异世界生活02', 'http://cn-zjjh12-dx.acgvideo.com/vg4/b/a5/7047146hd.mp4?expires=1463335800&ssig=shRJ7sqnMRJtMzrXZhiyNw&oi=2015071171&internal=1&or=2061576138&rate=0', 0, 0, 0),
(3, '从零开始的异世界生活03', 'http://cn-zjjh11-dx.acgvideo.com/vg10/2/27/7222540hd.mp4?expires=1463336100&ssig=gcUFIbgzamWSO-8icN3vvg&oi=2015071171&internal=1&or=2061576138&rate=0', 0, 0, 0),
(4, '从零开始的异世界生活04', 'http://cn-zjjh11-dx.acgvideo.com/vg10/2/27/7222540hd.mp4?expires=1463133000&ssig=XbWLlGcePxPNQPEBilOTvA&oi=2015071171&internal=1&or=2061576138&rate=0', 0, 0, 0),
(5, '从零开始的异世界生活05', 'http://cn-zjjh17-dx.acgvideo.com/vg3/f/ef/7333452-1-hd.mp4?expires=1463336100&ssig=QjBH3IaKUgEaT04I65qvbA&oi=2015071171&internal=1&or=2061576138&rate=0', 0, 0, 0),
(6, '从零开始的异世界生活06', 'http://cn-zjjh12-dx.acgvideo.com/vg13/6/3f/7451594-1-hd.mp4?expires=1463336100&ssig=lQKqVQPfH-IXj_4BxZfk_g&oi=2015071171&internal=1&or=2061576138&rate=0', 0, 0, 0);

-- --------------------------------------------------------

--
-- 表的结构 `video_chat`
--

CREATE TABLE `video_chat` (
  `video_order` int(11) NOT NULL,
  `account` varchar(20) NOT NULL,
  `name` varchar(20) NOT NULL,
  `content` varchar(50) NOT NULL,
  `time` int(11) NOT NULL
) ENGINE=InnoDB DEFAULT CHARSET=utf8;

--
-- 转存表中的数据 `video_chat`
--

INSERT INTO `video_chat` (`video_order`, `account`, `name`, `content`, `time`) VALUES
(3, 'lin', '林正上', 'ww', 1448551908),
(3, 'lin', '林正上', 'ww', 1448552134),
(3, 'lin', '林正上', 'www', 1448552138),
(3, 'kucinl', '未命名用户', '你好', 1448601436),
(3, 'kucinl', '林正上', 'hell', 1448601484),
(3, 'kucinl', '未命名用户', '问问温', 1448601567),
(3, 'kucinl', '未命名用户', '你好', 1448603348),
(3, 'kucinl', '未命名用户', 'NIHAO', 1448604400),
(3, 'kucinl', '未命名用户', 'YO', 1448604576),
(3, 'kucinl', '未命名用户', 'YO', 1448604691),
(3, 'kucinl', '未命名用户', 'wo', 1448604817),
(3, 'kucinl', '未命名用户', 'ya', 1448604934),
(3, 'kucinl', '未命名用户', 'hehe', 1448605039),
(3, 'kucinl', '林正上', '以', 1448605163),
(3, 'kucinl', '未命名用户', '9', 1448605188),
(3, 'kucinl', '未命名用户', '呵呵', 1448606403),
(3, 'kucinl', '未命名用户', '呵呵', 1448606500),
(3, 'kucinl', '林正上', '你好吗', 1448606528),
(3, 'kucinl', '林正上', '我是正上', 1448606563),
(3, 'kucinl', '未命名用户', '呵呵', 1448606572),
(3, 'kucinl', '林正上', '你是谁', 1448606581),
(3, 'kucinl', '未命名用户', '用你管？', 1448606599),
(3, 'kucinl', '未命名用户', '说实话 这部电影不信', 1448606632),
(3, 'kucinl', '林正上', '我也这么觉得', 1448606641),
(3, 'kucinl', '未命名用户', '马后炮', 1448606654),
(3, 'kucinl', '林正上', '哟', 1448607192),
(3, 'kucinl', '林正上', '呵呵', 1448607269),
(3, 'kucinl', '林正上', '不读书', 1448607614),
(3, 'kucinl', '林正上', '1', 1448607869),
(3, 'kucinl', '林正上', '1', 1448607897),
(3, 'kucinl', '林正上', '1', 1448608000),
(3, 'kucinl', '林正上', '2', 1448608004),
(3, 'kucinl', '林正上', '6', 1448608034),
(3, 'kucinl', '未命名用户', '看', 1448608350),
(3, 'kucinl', '林正上', 'l', 1448608367),
(3, 'kucinl', '林正上', '11', 1448608474),
(3, 'kucinl', '林正上', '22', 1448608483),
(3, 'kucinl', '未命名用户', '22', 1448608498),
(3, 'kucinl', '林正上', '11', 1448626501),
(3, 'lin', '林正上', '1', 1448627769),
(3, 'lin', '林正上', '5', 1448628745),
(3, 'lin', '林正上', '1', 1448628905),
(3, 'kucinl', '林正上', '55', 1448648842),
(3, 'kucinl', '林正上', '555', 1448650102),
(3, 'kucinl', '林正上', '1', 1448651338),
(3, 'kucinl', '林正上', '1', 1448652255),
(3, 'kucinl', '林正上', '1', 1448652728),
(3, 'kucinl', '林正上', '5', 1448652829),
(3, 'lin', '未命名用户', '55 555', 1448678388),
(3, 'lin', '未命名用户', '55555', 1448686624),
(3, 'lin', '未命名用户', '哇  好惊险\n-', 1448695470),
(3, 'lin', '未命名用户', '我也吓了一跳呢', 1448695486),
(3, 'lin', '林正上', '!!!!!!', 1448695500),
(3, 'lin', '林正上', 'haha', 1448695511),
(3, 'lin', '未命名用户', '真有意思啊', 1448695523),
(3, 'lin', '林正上', '11', 1448695561),
(3, 'lin', '未命名用户', '真有意思啊', 1448695561),
(3, 'lin', '未命名用户', '真有意思啊', 1448695561),
(3, 'lin', '未命名用户', '', 1448695561),
(3, 'lin', '未命名用户', '真有意思啊', 1448695561),
(3, 'lin', '未命名用户', '真有意思', 1448695561),
(3, 'lin', '未命名用户', '真有意思啊', 1448695561),
(3, 'lin', '未命名用户', '11', 1448695561),
(3, 'lin', '未命名用户', '呵呵 你这个傻逼', 1448695684),
(3, 'lin', '林正上', '你难道不是吗', 1448695701),
(3, 'lin', '未命名用户', '哈哈', 1448696787),
(3, 'lin', '未命名用户', '和H', 1448698023),
(3, 'lin', '林正上', '111\n', 1456897345),
(3, 'lin', '林正上', '是I\n', 1462503600),
(3, 'lin', '林正上', 'a', 1462503734),
(3, 'lin', '林正上', 'b', 1462503740),
(3, 'lin', '林正上', '测试一下', 1462707107),
(3, 'lin', '林正上', 'aa\n', 1463026858),
(3, 'lin', '林正上', 's\n', 1463027649),
(3, 'lin', '林正上', 'aa\n', 1463053930),
(3, 'lin', '林正上', 'aaa', 1463059302),
(3, 'lin', '林正上', 'aa', 1463059316),
(3, 'lin', '未命名用户', '你好', 1463104054),
(3, 'lin', '林正上', '你好', 1463104064),
(3, 'lin', '林正上', '11', 1463104106),
(3, 'lin', '未命名用户', '22', 1463104125),
(3, 'lin', '未命名用户', '4', 1463104162),
(3, 'lin', '林正上', 'r', 1463107370),
(3, 'lin', '林正上', '是II', 1463107376),
(3, 'lin', '未命名用户', '啊', 1463109760),
(3, 'lin', '林正上', '啊啊', 1463109768),
(3, 'lin', '林正上', '啊啊', 1463109782),
(3, 'lin', '林正上', '玩玩', 1463109787),
(3, 'lin', '林正上', '在', 1463110044),
(3, 'lin', '林正上', '前期', 1463110171),
(3, 'lin', '林正上', '啊啊', 1463110178),
(3, 'lin', '林正上', '、', 1463110296),
(3, 'lin', '林正上', 'a', 1463110383),
(3, 'lin', '林正上', '11', 1463110463),
(3, 'lin', '林正上', 'a', 1463110766),
(3, 'lin', '林正上', 'aa', 1463110870),
(3, 'lin', '林正上', '1', 1463114997),
(3, 'lin', '林正上', '21', 1463115274),
(3, 'lin', '林正上', '哈哈', 1463116687),
(1, 'lin', '林正上', '前期', 1463128833),
(1, 'lin', '林正上', '啊啊啊', 1463154029),
(3, 'lin', '林正上', 'aaa', 1463157075),
(3, 'lin', '林正上', 'aa', 1463157143),
(3, 'lin', '林正上', 'aa', 1463157146),
(1, 'lin', '林正上', '唉', 1463289592),
(6, 'lin', '林正上', '啊', 1463311322),
(6, 'lin', '林正上', '啊', 1463311324),
(6, 'lin', '林正上', '事实上', 1463311331),
(6, 'lin', '林正上', '11', 1463311670),
(6, 'lin', '林正上', '11', 1463311712),
(3, 'lin', '林正上', '22', 1463311766),
(3, 'lin', '林正上', '11', 1463311769),
(3, 'lin', '林正上', '44', 1463311775),
(3, 'lin', '林正上', '555', 1463311780),
(6, 'lin', '林正上', '555', 1463311748),
(6, 'lin', '林正上', '333', 1463312340),
(3, 'lin', '林正上', '11', 1463312397),
(3, 'lin', '林正上', '啊啊', 1463312400),
(6, 'lin', '林正上', '去', 1463312507),
(3, 'lin', '林正上', '1', 1463312554),
(3, 'lin', '林正上', '暗暗', 1463312557),
(6, 'lin', '林正上', '啊', 1463312682),
(6, 'lin', '林正上', '去', 1463312699),
(6, 'lin', '林正上', '1', 1463313196),
(6, 'lin', '林正上', 'http://localhost/srtp/video/room/6/lin', 1463313298),
(3, 'lin', '林正上', '唉', 1463315941),
(3, 'lin', '林正上', '心累', 1463316406),
(2, 'zj386596804', '蕾姆酱', '你好 看来你注册了新号', 1463322694),
(2, 'zj386596804', '克洛斯', '你好', 1463322700),
(2, 'zj386596804', '蕾姆酱', '这个进度是什么鬼', 1463322717),
(2, 'zj386596804', '克洛斯', '同步了吗', 1463322719),
(2, 'zj386596804', '克洛斯', '同步了吗', 1463322719),
(2, 'zj386596804', '蕾姆酱', '没有 bug了', 1463322731),
(2, 'zj386596804', '蕾姆酱', '等明天再修吧 最近都忘了测试这个功能', 1463322767),
(1, 'leimu', '蕾姆酱', '啊', 1463323030),
(1, 'leimu', '蕾姆酱', '啊', 1463323058),
(1, 'leimu', '蕾姆酱', '前期', 1463323079),
(1, 'zj386596804', '蕾姆酱', '你好', 1463323923),
(1, 'zj386596804', '蕾姆酱', '你先同步一下', 1463323927),
(1, 'leimu', '蕾姆酱', '怎么还是不行', 1463323960),
(1, 'leimu', '克洛斯', '没有嘛', 1463324167),
(1, 'leimu', '克洛斯', '28分', 1463324170),
(3, 'lin', '林正上', '1', 1463328155),
(3, 'lin', '林正上', '1', 1463328231),
(1, 'leimu', '蕾姆酱', '你好', 1463328446),
(1, 'leimu', '林正上', '收到了', 1463328453),
(1, 'leimu', '蕾姆酱', '你好', 1463328837),
(1, 'leimu', '蕾姆酱', '奶狗 日你哥', 1463328930),
(1, 'leimu', '林正上', '能看到我吗奶狗', 1463328953),
(1, 'leimu', '蕾姆酱', '奶狗你好', 1463329028),
(1, 'leimu', '我是酷酷上', '看到了', 1463329032),
(1, 'leimu', '我是酷酷上', '狗上', 1463329040),
(1, 'leimu', '蕾姆酱', '草 刚才还说看不到', 1463329047),
(1, 'leimu', '我是酷酷上', '刚没注意', 1463329057),
(1, 'leimu', '蕾姆酱', '你的视频动了吗', 1463329071),
(1, 'leimu', '我是酷酷上', '恩', 1463329088),
(1, 'leimu', '我是酷酷上', '动了', 1463329091),
(1, 'leimu', '蕾姆酱', '好的', 1463329097),
(1, 'leimu', '蕾姆酱', '你也可以试试 你点那个同步 我的进度就会和你一样了', 1463329111),
(1, 'leimu', '我是酷酷上', '你动了吗', 1463329129),
(1, 'leimu', '蕾姆酱', '动了', 1463329149),
(1, 'leimu', '我是酷酷上', 'ok', 1463329157),
(1, 'leimu', '蕾姆酱', '这个网站酷吧', 1463329161),
(1, 'leimu', '我是酷酷上', '可以', 1463329174),
(1, 'leimu', '我是酷酷上', '你做的嘛', 1463329177),
(1, 'leimu', '我是酷酷上', '还是什么', 1463329179),
(1, 'leimu', '蕾姆酱', '当然是我做的', 1463329188),
(1, 'leimu', '蕾姆酱', '没看到域名是kucin啊', 1463329195),
(1, 'leimu', '我是酷酷上', '可以啊', 1463329198),
(1, 'leimu', '我是酷酷上', '我看到了啊', 1463329199),
(1, 'leimu', '我是酷酷上', 'bigkuicn', 1463329202),
(1, 'leimu', '蕾姆酱', '没办法 kucin.com被别人注册了', 1463329227),
(1, 'leimu', '我是酷酷上', '就只能放这一个视频吗', 1463329262),
(1, 'leimu', '林正上', '不是有好几个吗', 1463329285),
(1, 'leimu', '林正上', '你到主页看看 有好几个', 1463329300),
(1, 'leimu', '我是酷酷上', '.这个是鹏祥傻狗吗', 1463329305),
(1, 'leimu', '林正上', '不过现在还很麻烦 两个都是我', 1463329314),
(1, 'leimu', '林正上', '双开', 1463329316),
(1, 'leimu', '我是酷酷上', '..哦哦哦 ', 1463329323),
(1, 'leimu', '我是酷酷上', '很nice啊', 1463329341),
(1, 'leimu', '我是酷酷上', '6666666666666666', 1463329343),
(1, 'leimu', '林正上', '等下周五大概就能更完善了 到时候放毛片给你看', 1463329357),
(1, 'leimu', '林正上', '明天lol打不打', 1463329376),
(1, 'leimu', '我是酷酷上', '哈哈 可以可以', 1463329378),
(1, 'leimu', '我是酷酷上', '同步看毛片', 1463329381),
(1, 'leimu', '我是酷酷上', '明天不打', 1463329384),
(1, 'leimu', '我是酷酷上', '上课', 1463329386),
(1, 'leimu', '我是酷酷上', '明天晚上可以 上完课打', 1463329402);

-- --------------------------------------------------------

--
-- 表的结构 `video_type_list`
--

CREATE TABLE `video_type_list` (
  `video_type_id` int(11) NOT NULL,
  `name` varchar(20) NOT NULL
) ENGINE=InnoDB DEFAULT CHARSET=utf8;

--
-- 转存表中的数据 `video_type_list`
--

INSERT INTO `video_type_list` (`video_type_id`, `name`) VALUES
(1, '喜剧'),
(2, '冒险'),
(3, '幻想'),
(4, '悬念'),
(5, '惊悚'),
(6, '记录'),
(7, '战争'),
(8, '西部'),
(9, '爱情'),
(10, '恐怖'),
(11, '动作'),
(12, '科幻'),
(13, '音乐'),
(14, '家庭'),
(15, '犯罪');

--
-- Indexes for dumped tables
--

--
-- Indexes for table `city_list`
--
ALTER TABLE `city_list`
  ADD PRIMARY KEY (`city_id`);

--
-- Indexes for table `event`
--
ALTER TABLE `event`
  ADD PRIMARY KEY (`id`),
  ADD KEY `video_order` (`video_order`);

--
-- Indexes for table `friend`
--
ALTER TABLE `friend`
  ADD PRIMARY KEY (`account1`,`account2`);

--
-- Indexes for table `location_list`
--
ALTER TABLE `location_list`
  ADD PRIMARY KEY (`location_id`);

--
-- Indexes for table `recommend`
--
ALTER TABLE `recommend`
  ADD PRIMARY KEY (`account1`,`account2`);

--
-- Indexes for table `user`
--
ALTER TABLE `user`
  ADD PRIMARY KEY (`account`);

--
-- Indexes for table `video`
--
ALTER TABLE `video`
  ADD PRIMARY KEY (`video_order`);

--
-- Indexes for table `video_chat`
--
ALTER TABLE `video_chat`
  ADD KEY `order` (`video_order`),
  ADD KEY `account` (`account`),
  ADD KEY `account_2` (`account`);

--
-- Indexes for table `video_type_list`
--
ALTER TABLE `video_type_list`
  ADD PRIMARY KEY (`video_type_id`);

--
-- 在导出的表使用AUTO_INCREMENT
--

--
-- 使用表AUTO_INCREMENT `event`
--
ALTER TABLE `event`
  MODIFY `id` int(11) NOT NULL AUTO_INCREMENT, AUTO_INCREMENT=150;
--
-- 使用表AUTO_INCREMENT `video`
--
ALTER TABLE `video`
  MODIFY `video_order` int(11) NOT NULL AUTO_INCREMENT, AUTO_INCREMENT=7;
/*!40101 SET CHARACTER_SET_CLIENT=@OLD_CHARACTER_SET_CLIENT */;
/*!40101 SET CHARACTER_SET_RESULTS=@OLD_CHARACTER_SET_RESULTS */;
/*!40101 SET COLLATION_CONNECTION=@OLD_COLLATION_CONNECTION */;
